iter	Accuracy	Logloss
0	0.80375	0.6867689022
1	0.845	0.6811065837
2	0.85125	0.675456564
3	0.86	0.6698363724
4	0.86875	0.6641635731
5	0.8625	0.6588773739
6	0.865	0.6543643001
7	0.8625	0.6494629182
8	0.86	0.6443615353
9	0.8575	0.6401209181
10	0.8625	0.6353246128
11	0.86	0.6312097746
12	0.85625	0.6271570909
13	0.86	0.6225383978
14	0.86125	0.6187345463
15	0.85625	0.6145895112
16	0.85875	0.6101152479
17	0.855	0.6055806193
18	0.85875	0.6012226373
19	0.8575	0.5965192542
20	0.85625	0.5928240559
21	0.855	0.5892543938
22	0.855	0.5851761613
23	0.8525	0.5808485884
24	0.8525	0.5768110724
25	0.85625	0.5732581273
26	0.85625	0.5700239892
27	0.85625	0.566453146
28	0.855	0.5632817953
29	0.85625	0.5596080265
30	0.8575	0.5560950917
31	0.8575	0.5527453819
32	0.86	0.5498783162
33	0.85625	0.5460676423
34	0.8575	0.5426986808
35	0.8575	0.539132264
36	0.85875	0.5363125924
37	0.8575	0.5334312271
38	0.85625	0.5306275234
39	0.86	0.5272664792
40	0.8575	0.52510752
41	0.8575	0.5223831543
42	0.8575	0.5195805995
43	0.85875	0.5169080889
44	0.86125	0.5135973921
45	0.8625	0.5107732006
46	0.8625	0.5079067306
47	0.86375	0.5056025967
48	0.865	0.5029599488
49	0.8625	0.500778784
50	0.8625	0.4980559289
51	0.8625	0.4956756557
52	0.86125	0.4928585073
53	0.86125	0.4907737558
54	0.86625	0.4887837254
55	0.86625	0.4864553132
56	0.8675	0.4840766414
57	0.8675	0.4819689331
58	0.8675	0.4789712672
59	0.86875	0.4763745184
60	0.87	0.4740486795
61	0.87	0.4716416192
62	0.86625	0.4694884157
63	0.86875	0.4673934151
64	0.87125	0.4656084852
65	0.86875	0.4634063811
66	0.86875	0.4612728364
67	0.86875	0.4593968079
68	0.8675	0.457380544
69	0.86875	0.4553657618
70	0.86875	0.4532456457
71	0.86625	0.4519537358
72	0.86625	0.4501482713
73	0.86625	0.4483369043
74	0.86875	0.4464755066
75	0.86875	0.4448758721
76	0.8675	0.4433712515
77	0.86875	0.4415842896
78	0.8675	0.4400208676
79	0.87	0.438348098
80	0.86875	0.436327023
81	0.86875	0.434984409
82	0.87	0.4335306523
83	0.86875	0.4315210664
84	0.87125	0.4300669992
85	0.87	0.4281846407
86	0.87125	0.4263220922
87	0.87125	0.4247188324
88	0.8725	0.4226060325
89	0.875	0.4209921496
90	0.875	0.419505422
91	0.87625	0.4184502563
92	0.87625	0.4170610834
93	0.875	0.4155172154
94	0.87625	0.4138159078
95	0.87625	0.4121697343
96	0.87875	0.4105097765
97	0.87875	0.4092487434
98	0.87625	0.4078049231
99	0.8775	0.4063950776
100	0.8775	0.405415565
101	0.88125	0.4037542478
102	0.87875	0.4020783238
103	0.88	0.4008959251
104	0.88	0.3995219974
105	0.88	0.3981557591
106	0.88	0.3969574654
107	0.88	0.39572205
108	0.88	0.3943464533
109	0.88	0.3931977702
110	0.88	0.3921379565
111	0.88	0.390802824
112	0.87875	0.3896960604
113	0.88125	0.3885946332
114	0.8825	0.3872911129
115	0.88125	0.3858637766
116	0.8825	0.3845187725
117	0.88125	0.3831831748
118	0.885	0.3822982145
119	0.88625	0.3811190512
120	0.88625	0.3798649709
121	0.8875	0.3788168639
122	0.88875	0.3776441464
123	0.88875	0.3767110985
124	0.89125	0.3754785541
125	0.8925	0.3738973024
126	0.8925	0.3727971062
127	0.8925	0.371585916
128	0.89375	0.3707176359
129	0.895	0.3698055073
130	0.895	0.3687054458
131	0.895	0.3676209635
132	0.895	0.3666550751
133	0.89375	0.365521924
134	0.89625	0.3643755186
135	0.895	0.3637090075
136	0.895	0.3626474751
137	0.89625	0.3615618587
138	0.89625	0.36034082
139	0.89625	0.3593974303
140	0.89625	0.3588190428
141	0.89625	0.3579354808
142	0.89625	0.3566993521
143	0.8975	0.3553332389
144	0.89625	0.3543280049
145	0.89875	0.3531693305
146	0.89875	0.3518679752
147	0.89875	0.3509590014
148	0.9	0.3500386064
149	0.9	0.3485669088
150	0.90125	0.347378952
151	0.9025	0.3462959331
152	0.9025	0.345490552
153	0.9025	0.3443551155
154	0.9025	0.3434761593
155	0.9025	0.3426589734
156	0.9025	0.3414090692
157	0.90375	0.3409786628
158	0.90375	0.339937532
159	0.90375	0.3390156448
160	0.905	0.3381215382
161	0.905	0.3371985017
162	0.90625	0.3364716976
163	0.90625	0.3356492444
164	0.9075	0.334732903
165	0.90625	0.3340163011
166	0.90625	0.3332935801
167	0.9075	0.3324286438
168	0.9075	0.3314801899
169	0.9075	0.3307395559
170	0.9075	0.3297701883
171	0.9075	0.3288031177
172	0.90625	0.3281395562
173	0.90625	0.3275270123
174	0.90625	0.3268304219
175	0.90625	0.3261652868
176	0.9075	0.3252277279
177	0.90875	0.3243203071
178	0.91125	0.3234714999
179	0.91125	0.3222971504
180	0.91375	0.3217139111
181	0.9125	0.3210053884
182	0.9125	0.3200230938
183	0.9125	0.3192717931
184	0.91125	0.3182999157
185	0.91375	0.3175393167
186	0.91125	0.316852629
187	0.91375	0.3160450819
188	0.91375	0.3153791929
189	0.91375	0.3146525413
190	0.91375	0.3141941503
191	0.91375	0.3133336627
192	0.915	0.3126098318
193	0.91625	0.3121688153
194	0.91625	0.3115858383
195	0.91875	0.3109007325
196	0.91875	0.3102809852
197	0.91875	0.309510881
198	0.91875	0.3087572269
199	0.91875	0.3080353032
200	0.91875	0.3073157873
201	0.91875	0.3063654286
202	0.91875	0.3058480216
203	0.91875	0.3053236349
204	0.92	0.3046144542
205	0.92	0.3041162217
206	0.92	0.3034583593
207	0.92	0.3031404672
208	0.92	0.3025482444
209	0.92125	0.3018267616
210	0.92	0.3013548637
211	0.92125	0.3006215515
212	0.92125	0.299876184
213	0.92125	0.2992085702
214	0.9225	0.2986144638
215	0.92125	0.2981178692
216	0.92125	0.2974883083
217	0.9225	0.296657537
218	0.9225	0.2960565884
219	0.9225	0.2956602168
220	0.9225	0.2950690105
221	0.9225	0.2947416942
222	0.9225	0.294179338
223	0.9225	0.293246093
224	0.9225	0.2925766293
225	0.92375	0.2922916367
226	0.92375	0.2917683005
227	0.925	0.2911490206
228	0.925	0.2901544178
229	0.925	0.2895641808
230	0.925	0.288894452
231	0.925	0.2882937228
232	0.92375	0.2877761627
233	0.92375	0.2873506447
234	0.92375	0.2867965413
235	0.925	0.2861801804
236	0.92375	0.2856768313
237	0.925	0.285093899
238	0.925	0.2843106141
239	0.92375	0.2834949718
240	0.92375	0.2828140824
241	0.92375	0.2821803751
242	0.925	0.281738929
243	0.92625	0.2813812432
244	0.925	0.2807753304
245	0.925	0.2801675678
246	0.925	0.2796076792
247	0.925	0.2789042313
248	0.925	0.2782192289
249	0.92625	0.27760635
250	0.92625	0.2767997296
251	0.9275	0.2764116695
252	0.93	0.2759480688
253	0.92875	0.2755374939
254	0.9275	0.2750708938
255	0.9275	0.2747734982
256	0.92875	0.2744716319
257	0.92875	0.2739110286
258	0.93	0.2733924356
259	0.93125	0.2728676468
260	0.93125	0.2724068428
261	0.93125	0.2717868921
262	0.93125	0.2712966847
263	0.93125	0.2703454619
264	0.9325	0.269999935
265	0.9325	0.2694876733
266	0.93375	0.2690967729
267	0.93375	0.2685653836
268	0.9325	0.2681183424
269	0.93375	0.2676838754
270	0.93375	0.2669427778
271	0.93375	0.2663125739
272	0.9325	0.2655027865
273	0.93375	0.2649702381
274	0.9325	0.2644519455
275	0.93375	0.2640104723
276	0.9325	0.2632448297
277	0.93375	0.2626821227
278	0.93375	0.2622506954
279	0.93375	0.2614104156
280	0.93375	0.2609337472
281	0.93375	0.2605502103
282	0.93375	0.2600521187
283	0.93375	0.2596670068
284	0.935	0.2590438107
285	0.935	0.2585354619
286	0.93625	0.2580351451
287	0.93625	0.2576863488
288	0.93625	0.2573147804
289	0.935	0.2567290039
290	0.935	0.2560784081
291	0.93625	0.2554716209
292	0.93625	0.2550974891
293	0.9375	0.2547809047
294	0.9375	0.2544244994
295	0.9375	0.2541145943
296	0.9375	0.2537200207
297	0.93875	0.253231451
298	0.93875	0.2528877532
299	0.93875	0.2525489072
300	0.93875	0.2522499093
301	0.93875	0.2518339286
302	0.93875	0.2512211051
303	0.93875	0.2508366106
304	0.93875	0.2504832476
305	0.93875	0.2499726912
306	0.93875	0.2494834754
307	0.93875	0.2491774104
308	0.93875	0.2488080169
309	0.93875	0.2481449562
310	0.93875	0.2477104266
311	0.94	0.2471290756
312	0.93875	0.2467292171
313	0.93875	0.2464652018
314	0.93875	0.2461065378
315	0.93875	0.2456970996
316	0.93875	0.2453400813
317	0.94	0.2449522027
318	0.94	0.2443558341
319	0.94	0.2439660846
320	0.94	0.2434742045
321	0.94	0.2431762754
322	0.94	0.2426060365
323	0.94	0.2421590184
324	0.94	0.2416435829
325	0.94375	0.2410245662
326	0.94375	0.2407986629
327	0.94375	0.2404442309
328	0.945	0.2400944613
329	0.94625	0.2398460769
330	0.9475	0.2395581194
331	0.94625	0.2392524321
332	0.94625	0.2387009351
333	0.94625	0.2383836043
334	0.9475	0.23799117
335	0.94875	0.237639993
336	0.94875	0.2372334025
337	0.94875	0.236672744
338	0.94875	0.2363820547
339	0.9475	0.2359926177
340	0.9475	0.2355212525
341	0.94875	0.2351752287
342	0.94875	0.2346566697
343	0.9475	0.2343597306
344	0.94875	0.2341040747
345	0.95	0.2337498924
346	0.95	0.2331918823
347	0.95	0.2327017375
348	0.95125	0.2322498337
349	0.95	0.2319229375
350	0.95	0.2314751347
351	0.95	0.2311090173
352	0.95	0.2307635952
353	0.95	0.230442883
354	0.95125	0.2300051259
355	0.95125	0.2297027747
356	0.95125	0.2293314189
357	0.9525	0.2290197017
358	0.9525	0.2284308561
359	0.9525	0.2279893306
360	0.9525	0.227566547
361	0.95375	0.2270646008
362	0.95375	0.2267018819
363	0.95375	0.2263182903
364	0.955	0.2259920531
365	0.955	0.225657842
366	0.955	0.2253328078
367	0.95625	0.2247562408
368	0.95625	0.2244026711
369	0.95625	0.2239421318
370	0.9575	0.2236629344
371	0.9575	0.2232274196
372	0.95875	0.2228558709
373	0.96	0.2225914828
374	0.95875	0.2221858551
375	0.95875	0.2218540896
376	0.96	0.2214276311
377	0.96	0.2209616669
378	0.96	0.2206348193
379	0.96	0.2203329744
380	0.96125	0.2200691752
381	0.96125	0.2196936375
382	0.96125	0.2193909295
383	0.96125	0.2190684485
384	0.9625	0.2186229343
385	0.9625	0.2182210537
386	0.9625	0.217868547
387	0.9625	0.2176360743
388	0.9625	0.2171396107
389	0.9625	0.2167731544
390	0.9625	0.216486312
391	0.9625	0.2160665694
392	0.9625	0.2156666265
393	0.9625	0.2151664305
394	0.9625	0.2147387117
395	0.9625	0.2142249256
396	0.9625	0.2139448907
397	0.9625	0.2136666027
398	0.9625	0.2132163988
399	0.9625	0.2126249137
400	0.9625	0.2122536155
401	0.9625	0.2117369858
402	0.9625	0.2115459801
403	0.96375	0.2111144149
404	0.96375	0.2108409012
405	0.96375	0.2104673258
406	0.96375	0.2099919852
407	0.965	0.2095087151
408	0.96625	0.2089780998
409	0.96625	0.2085339579
410	0.96625	0.208037003
411	0.96625	0.2077566803
412	0.96625	0.2074897888
413	0.96625	0.2071732811
414	0.965	0.2069401506
415	0.965	0.2066183459
416	0.965	0.206412697
417	0.96625	0.2061294096
418	0.9675	0.205832539
419	0.9675	0.2055823824
420	0.9675	0.2052911019
421	0.96625	0.2050460453
422	0.9675	0.2047302828
423	0.9675	0.2041382695
424	0.9675	0.2037095526
425	0.96875	0.2034414026
426	0.9675	0.2030757809
427	0.96875	0.2028250462
428	0.96875	0.202188073
429	0.96875	0.2019173105
430	0.96875	0.2016298204
431	0.96875	0.2014014828
432	0.96875	0.2009959801
433	0.96875	0.2005573317
434	0.96875	0.2002579375
435	0.96875	0.199828908
436	0.96875	0.1995398842
437	0.96875	0.1992361022
438	0.96875	0.1989384632
439	0.96875	0.1986135736
440	0.96875	0.1983716548
441	0.96875	0.1980664528
442	0.96875	0.1978434987
443	0.96875	0.1974513888
444	0.97	0.1971918307
445	0.97	0.1969436639
446	0.97125	0.1967058285
447	0.97125	0.1964295417
448	0.97125	0.1961493732
449	0.97125	0.1958586826
450	0.97125	0.1952827942
451	0.97125	0.1948147969
452	0.97125	0.1947804617
453	0.9725	0.1943639172
454	0.97375	0.1939945021
455	0.97375	0.1937127861
456	0.97375	0.1936963896
457	0.9725	0.1934180855
458	0.9725	0.1931470384
459	0.97375	0.1928915602
460	0.97375	0.1926896615
461	0.97375	0.1921286692
462	0.97375	0.19190321
463	0.975	0.1915802343
464	0.975	0.1912574538
465	0.975	0.1910267748
466	0.975	0.1907460139
467	0.975	0.1904900827
468	0.975	0.1902058734
469	0.975	0.1900032594
470	0.97625	0.1896166674
471	0.975	0.1894040309
472	0.975	0.1890723563
473	0.97625	0.1888599025
474	0.975	0.1884526518
475	0.975	0.1881153701
476	0.975	0.187918175
477	0.975	0.1877352892
478	0.975	0.1875122505
479	0.975	0.1870454233
480	0.975	0.1867177414
481	0.975	0.1864572268
482	0.975	0.1862277216
483	0.975	0.1857565037
484	0.975	0.1854915974
485	0.975	0.1850484215
486	0.975	0.1847998865
487	0.975	0.1844972978
488	0.97625	0.1841611536
489	0.97625	0.1839550699
490	0.97625	0.1837075334
491	0.975	0.1836099508
492	0.975	0.1833667257
493	0.97625	0.1830570526
494	0.97625	0.182631913
495	0.97625	0.1824062305
496	0.9775	0.1821194511
497	0.9775	0.1819011576
498	0.9775	0.1816374191
499	0.9775	0.1815018639
500	0.97875	0.1811909823
501	0.97875	0.1809324344
502	0.9775	0.1807046436
503	0.9775	0.1804705415
504	0.97875	0.1802390373
505	0.97875	0.1799880404
506	0.97875	0.1797384543
507	0.97875	0.179473224
508	0.98	0.1791685313
509	0.97875	0.1788425466
510	0.97875	0.1785224828
511	0.97875	0.1782817523
512	0.97875	0.1780241737
513	0.98	0.1777404638
514	0.98	0.1772597113
515	0.98	0.1768682872
516	0.98	0.1766162709
517	0.98125	0.1762533895
518	0.98125	0.1759602628
519	0.98125	0.1756324786
520	0.98125	0.1753874193
521	0.98125	0.1750214316
522	0.98125	0.1748026833
523	0.98125	0.1745605272
524	0.98125	0.1742834397
525	0.98125	0.1740765236
526	0.98125	0.1737913046
527	0.98125	0.1735033489
528	0.98125	0.173316724
529	0.98125	0.1731576559
530	0.98125	0.1729524255
531	0.98125	0.1728129242
532	0.98125	0.1724906613
533	0.98125	0.1722851891
534	0.98125	0.1720394018
535	0.98125	0.1717422915
536	0.98125	0.1715610133
537	0.9825	0.1712414571
538	0.9825	0.1709523105
539	0.9825	0.1706852464
540	0.9825	0.1704825714
541	0.9825	0.1700110325
542	0.9825	0.1696776262
543	0.9825	0.1695302657
544	0.9825	0.1691832287
545	0.9825	0.1689257093
546	0.9825	0.1685673492
547	0.9825	0.1682316769
548	0.98375	0.1678822063
549	0.98375	0.167564039
550	0.98375	0.167394269
551	0.98375	0.1671847452
552	0.98375	0.1669657736
553	0.98375	0.1666706058
554	0.98375	0.1664481646
555	0.98375	0.1661815899
556	0.98375	0.1659026353
557	0.98375	0.1655709263
558	0.98375	0.1653461724
559	0.985	0.1651583845
560	0.985	0.1649035347
561	0.985	0.1646921338
562	0.985	0.1644328116
563	0.985	0.1642073244
564	0.985	0.163992819
565	0.985	0.1637629462
566	0.985	0.1636051463
567	0.985	0.1634332838
568	0.985	0.1632028427
569	0.985	0.1630047251
570	0.985	0.1628521189
571	0.98375	0.1625052226
572	0.985	0.1622255516
573	0.98625	0.1618719553
574	0.985	0.1616650718
575	0.985	0.1615155072
576	0.985	0.1612082155
577	0.98625	0.1608916449
578	0.98625	0.1606799226
579	0.98625	0.1604303177
580	0.98625	0.1600989514
581	0.98625	0.1598538952
582	0.98625	0.1597032245
583	0.98625	0.1594375226
584	0.98625	0.1592683655
585	0.98625	0.1589374392
586	0.98625	0.1586498764
587	0.98625	0.1583113728
588	0.98625	0.158078523
589	0.98625	0.1578826864
590	0.98625	0.1576711736
591	0.98625	0.157412032
592	0.98625	0.1572046102
593	0.98625	0.157002007
594	0.98625	0.1568139224
595	0.98625	0.1564540857
596	0.98625	0.1561587344
597	0.98625	0.1559733043
598	0.98625	0.155617651
599	0.9875	0.155480092
600	0.9875	0.1552497343
601	0.9875	0.1550366478
602	0.9875	0.1547714971
603	0.9875	0.1543305003
604	0.9875	0.15406472
605	0.9875	0.1539273927
606	0.9875	0.1537474985
607	0.9875	0.153518461
608	0.9875	0.1533352583
609	0.9875	0.1530862469
610	0.9875	0.1528186065
611	0.98875	0.1525595269
612	0.98875	0.1523599955
613	0.98875	0.1521124423
614	0.98875	0.1518803679
615	0.98875	0.1515958111
616	0.98875	0.1513345705
617	0.98875	0.1509947869
618	0.98875	0.1508639753
619	0.98875	0.1506783641
620	0.98875	0.1504181351
621	0.98875	0.1501871533
622	0.98875	0.1498479118
623	0.98875	0.1496417248
624	0.98875	0.1493658409
625	0.98875	0.1490844455
626	0.98875	0.1489765618
627	0.98875	0.1487842385
628	0.98875	0.1486762627
629	0.98875	0.1485321713
630	0.99	0.1482697823
631	0.99	0.1480630588
632	0.99	0.1478423739
633	0.99	0.1475348408
634	0.99	0.1473954846
635	0.99	0.1471778786
636	0.99	0.1468129046
637	0.99	0.1465986901
638	0.99	0.1464280634
639	0.99	0.1461579601
640	0.99125	0.1458985219
641	0.99125	0.1457420259
642	0.99125	0.1454417524
643	0.99125	0.145135085
644	0.99125	0.144945174
645	0.99125	0.1447193679
646	0.99125	0.1444485907
647	0.99125	0.1443156893
648	0.99125	0.1440820077
649	0.99125	0.1437769479
650	0.99125	0.1435194124
651	0.99125	0.1432644552
652	0.99125	0.1430654163
653	0.99125	0.1429109043
654	0.99125	0.1426197732
655	0.99125	0.1425494982
656	0.99125	0.14231297
657	0.99125	0.1419901509
658	0.99125	0.1417174065
659	0.99125	0.1414763961
660	0.99125	0.1413312983
661	0.99125	0.1411503009
662	0.99125	0.1408807785
663	0.99125	0.1406416025
664	0.99125	0.1403173292
665	0.9925	0.1401265239
666	0.99125	0.1398324046
667	0.99125	0.139622434
668	0.9925	0.1394630959
669	0.9925	0.1392580947
670	0.9925	0.1390501201
671	0.9925	0.1388675756
672	0.9925	0.1386515031
673	0.9925	0.1384979391
674	0.9925	0.1382624444
675	0.9925	0.1380311157
676	0.9925	0.1378103349
677	0.9925	0.1376481634
678	0.9925	0.1374138699
679	0.9925	0.1373020847
680	0.9925	0.1371010617
681	0.99375	0.1368226709
682	0.99375	0.1365680371
683	0.99375	0.136221696
684	0.99375	0.1360287097
685	0.99375	0.1357751563
686	0.99375	0.1356239107
687	0.99375	0.135419764
688	0.99375	0.1352562668
689	0.99375	0.1349908993
690	0.99375	0.1347501907
691	0.99375	0.1344864259
692	0.99375	0.1342680703
693	0.99375	0.1341347082
694	0.99375	0.1339179476
695	0.99375	0.1336537016
696	0.995	0.1334517447
697	0.995	0.133239202
698	0.995	0.1329831235
699	0.995	0.1327519266
700	0.995	0.1324818186
701	0.995	0.1323224111
702	0.995	0.1320891343
703	0.995	0.1319058634
704	0.995	0.1316580615
705	0.995	0.1313706697
706	0.995	0.1312536826
707	0.995	0.131024731
708	0.995	0.130809313
709	0.995	0.1306267205
710	0.995	0.1303423828
711	0.995	0.1301257748
712	0.995	0.1299141894
713	0.995	0.1297033194
714	0.995	0.129503619
715	0.995	0.1293495242
716	0.995	0.129217166
717	0.995	0.1289919353
718	0.995	0.1288212752
719	0.995	0.1286947
720	0.995	0.1284716572
721	0.995	0.1282517819
722	0.99625	0.1280178931
723	0.995	0.1278781699
724	0.99625	0.1277116736
725	0.995	0.1275959561
726	0.99625	0.1274278081
727	0.995	0.1271847881
728	0.99625	0.1269900208
729	0.99625	0.1268153824
730	0.99625	0.1265498006
731	0.99625	0.1263664996
732	0.99625	0.1262150245
733	0.99625	0.1260061713
734	0.99625	0.125849552
735	0.99625	0.1256149414
736	0.99625	0.1253955171
737	0.99625	0.1251980185
738	0.99625	0.1250558507
739	0.99625	0.1248017143
740	0.99625	0.1245820676
741	0.99625	0.1243436991
742	0.99625	0.1240805734
743	0.99625	0.123907347
744	0.99625	0.1236437969
745	0.99625	0.1233987576
746	0.99625	0.1232507348
747	0.99625	0.1230259566
748	0.99625	0.1228367161
749	0.99625	0.1226111179
750	0.99625	0.1223873803
751	0.99625	0.1222096313
752	0.99625	0.1220542178
753	0.99625	0.121826215
754	0.99625	0.121703558
755	0.99625	0.1215069256
756	0.99625	0.1213988557
757	0.99625	0.1212848918
758	0.99625	0.1210807733
759	0.99625	0.1208542279
760	0.99625	0.1205947622
761	0.99625	0.1204112735
762	0.99625	0.1202776444
763	0.99625	0.1200786174
764	0.99625	0.1198955422
765	0.99625	0.1197121574
766	0.99625	0.1195794714
767	0.9975	0.1194105635
768	0.9975	0.11924112
769	0.9975	0.1190665133
770	0.9975	0.1188417312
771	0.9975	0.118691186
772	0.9975	0.1184368485
773	0.9975	0.1182731371
774	0.9975	0.1180453878
775	0.9975	0.1179263313
776	0.9975	0.1177675579
777	0.9975	0.1175828035
778	0.9975	0.1174090233
779	0.9975	0.1172627807
780	0.9975	0.1170407861
781	0.9975	0.1169025275
782	0.9975	0.1167234947
783	0.9975	0.1165373527
784	0.9975	0.1163311055
785	0.9975	0.1161298808
786	0.9975	0.115940974
787	0.9975	0.1157787567
788	0.9975	0.1155988999
789	0.9975	0.1153940491
790	0.9975	0.1152851238
791	0.9975	0.1151330538
792	0.9975	0.1149931368
793	0.9975	0.1148459538
794	0.9975	0.114671874
795	0.9975	0.114524265
796	0.9975	0.1143667101
797	0.9975	0.1141613575
798	0.9975	0.1140294287
799	0.9975	0.1138423681
800	0.9975	0.1136575051
801	0.9975	0.1134420106
802	0.9975	0.1133422032
803	0.9975	0.1132218439
804	0.9975	0.1130239154
805	0.9975	0.1129049252
806	0.9975	0.1127033195
807	0.9975	0.1125625495
808	0.9975	0.112335684
809	0.9975	0.1121826783
810	0.9975	0.1120775823
811	0.9975	0.1119257291
812	0.9975	0.1117530937
813	0.9975	0.1115718248
814	0.9975	0.1114642538
815	0.9975	0.1112635499
816	0.9975	0.1110982248
817	0.9975	0.1109718693
818	0.9975	0.1108338634
819	0.9975	0.1106060726
820	0.9975	0.1103932676
821	0.9975	0.1102429789
822	0.9975	0.1100313256
823	0.9975	0.1098973307
824	0.9975	0.1097475105
825	0.9975	0.1095577769
826	0.9975	0.1094051121
827	0.9975	0.1092222013
828	0.9975	0.1090716052
829	0.9975	0.108863155
830	0.9975	0.1087559775
831	0.9975	0.1085661218
832	0.9975	0.1083588314
833	0.9975	0.1082156229
834	0.9975	0.1080997174
835	0.9975	0.1078901096
836	0.9975	0.1077789468
837	0.9975	0.1076618752
838	0.9975	0.1075138579
839	0.9975	0.107371001
840	0.9975	0.1072661188
841	0.99875	0.1070791245
842	0.99875	0.1068983063
843	0.99875	0.1067637837
844	0.99875	0.1066581486
845	0.99875	0.1064805664
846	0.99875	0.1063498719
847	0.99875	0.1061968086
848	0.99875	0.1060953864
849	0.99875	0.1059666233
850	0.99875	0.1058301369
851	0.99875	0.1056270393
852	0.99875	0.1055104799
853	0.99875	0.1053808441
854	0.99875	0.1052564273
855	0.99875	0.105085258
856	0.99875	0.1049497791
857	0.99875	0.1048139888
858	0.99875	0.1046963435
859	0.99875	0.104499703
860	0.99875	0.1043455137
861	0.99875	0.1041974782
862	0.99875	0.1040766181
863	0.99875	0.1039530167
864	0.99875	0.1038829751
865	0.99875	0.1037420998
866	0.99875	0.1036223596
867	1	0.1034957291
868	1	0.1033073019
869	1	0.1031917357
870	1	0.1030983354
871	1	0.1029783683
872	1	0.1027610121
873	1	0.1025150353
874	1	0.102346349
875	1	0.1021467032
876	1	0.1020270813
877	1	0.1018688717
878	1	0.1017047034
879	1	0.1015656422
880	1	0.1014783344
881	1	0.1013235962
882	1	0.1011769449
883	1	0.1010385354
884	1	0.100869071
885	1	0.100722234
886	1	0.1006198522
887	1	0.1004462793
888	1	0.1003501195
889	1	0.100202525
890	1	0.09997224119
891	1	0.09982871889
892	1	0.09962204251
893	1	0.0994795058
894	1	0.09935299954
895	1	0.0991975243
896	1	0.09908561295
897	1	0.09898806912
898	1	0.09886967399
899	1	0.09872816252
900	1	0.09853425778
901	1	0.09839399062
902	1	0.09823765227
903	1	0.09802087785
904	1	0.09790228611
905	1	0.09779895157
906	1	0.09760766425
907	1	0.09741297413
908	1	0.09725259894
909	1	0.09716241292
910	1	0.09707809262
911	1	0.09690328135
912	1	0.09673486066
913	1	0.09661486206
914	1	0.09651707682
915	1	0.09638771165
916	1	0.09623503416
917	1	0.09613237892
918	1	0.09596099583
919	1	0.09580798651
920	1	0.09568732634
921	1	0.0954962611
922	1	0.09531195985
923	1	0.09516140088
924	1	0.09502772677
925	1	0.09489408637
926	1	0.0948173015
927	1	0.09465116349
928	1	0.0944861489
929	1	0.094358998
930	1	0.09423908099
931	1	0.09410177512
932	1	0.09398263904
933	1	0.09387617902
934	1	0.09373644616
935	1	0.09363000768
936	1	0.09343595711
937	1	0.09329497868
938	1	0.09316141975
939	1	0.09295409444
940	1	0.09279883047
941	1	0.09268423697
942	1	0.09258629643
943	1	0.09251242791
944	1	0.09236056664
945	1	0.09223876957
946	1	0.09213270142
947	1	0.09201289947
948	1	0.09190209449
949	1	0.09173349837
950	1	0.0916331665
951	1	0.09153626293
952	1	0.09136363563
953	1	0.0912312849
954	1	0.09110337328
955	1	0.09100297577
956	1	0.09089194154
957	1	0.09075381342
958	1	0.090652185
959	1	0.09048554893
960	1	0.09034230709
961	1	0.09024230167
962	1	0.09010117312
963	1	0.08998474252
964	1	0.08983502986
965	1	0.08972495192
966	1	0.08959012705
967	1	0.08944578204
968	1	0.08930317845
969	1	0.08918133586
970	1	0.08904952355
971	1	0.08892907075
972	1	0.08882361752
973	1	0.08867568789
974	1	0.08857226157
975	1	0.08846957472
976	1	0.08837570753
977	1	0.08827599794
978	1	0.08813780527
979	1	0.08799601733
980	1	0.0879060204
981	1	0.08778048749
982	1	0.08767945977
983	1	0.0875399828
984	1	0.08739865923
985	1	0.08728661333
986	1	0.08721118553
987	1	0.08713004392
988	1	0.08700365607
989	1	0.08691199779
990	1	0.08681740575
991	1	0.08674379915
992	1	0.08659300063
993	1	0.08644941434
994	1	0.08636113769
995	1	0.08627697608
996	1	0.08616949263
997	1	0.08602606729
998	1	0.08592028951
999	1	0.08582843678
1000	1	0.08573147449
1001	1	0.08558272449
1002	1	0.0854521925
1003	1	0.08531782533
1004	1	0.08522311739
1005	1	0.08513650744
1006	1	0.08503812478
1007	1	0.08494076263
1008	1	0.08484887274
1009	1	0.08479554471
1010	1	0.0847118872
1011	1	0.08462862947
1012	1	0.08448923355
1013	1	0.08437438462
1014	1	0.08425162115
1015	1	0.084143535
1016	1	0.08400867884
1017	1	0.08390313299
1018	1	0.08376531348
1019	1	0.08362778722
1020	1	0.08354299593
1021	1	0.08344690441
1022	1	0.08335373099
1023	1	0.08326232979
1024	1	0.08317057901
1025	1	0.08302761749
1026	1	0.08292351158
1027	1	0.08282878475
1028	1	0.08274761313
1029	1	0.08262221855
1030	1	0.0824563601
1031	1	0.08228903579
1032	1	0.08217671783
1033	1	0.08207053715
1034	1	0.08192270292
1035	1	0.08177311179
1036	1	0.08166863116
1037	1	0.08156877321
1038	1	0.08146568156
1039	1	0.08137675979
1040	1	0.08126601557
1041	1	0.08119259985
1042	1	0.08107604164
1043	1	0.08097619193
1044	1	0.08088306023
1045	1	0.08078415593
1046	1	0.08066970177
1047	1	0.08058411536
1048	1	0.08045640061
1049	1	0.08036949749
1050	1	0.0802269337
1051	1	0.0801415131
1052	1	0.0800666782
1053	1	0.07996495936
1054	1	0.07989916247
1055	1	0.07976775475
1056	1	0.07970879463
1057	1	0.07961919901
1058	1	0.07949433389
1059	1	0.07943100783
1060	1	0.07933336549
1061	1	0.079225866
1062	1	0.07915924523
1063	1	0.07905711935
1064	1	0.07891480506
1065	1	0.07884149449
1066	1	0.07874402268
1067	1	0.07865872217
1068	1	0.07857547995
1069	1	0.07849328971
1070	1	0.07839251083
1071	1	0.07825053383
1072	1	0.07818322281
1073	1	0.07808720661
1074	1	0.07802791678
1075	1	0.0779184616
1076	1	0.07782325934
1077	1	0.07775441621
1078	1	0.0776684844
1079	1	0.07756289816
1080	1	0.0774598676
1081	1	0.07737977725
1082	1	0.07730011198
1083	1	0.07723110727
1084	1	0.07714265528
1085	1	0.07704691927
1086	1	0.07698051295
1087	1	0.07693985905
1088	1	0.07686175468
1089	1	0.0767967242
1090	1	0.0767053926
1091	1	0.07657876896
1092	1	0.07643186374
1093	1	0.07635905599
1094	1	0.07628084781
1095	1	0.07617195809
1096	1	0.07604942138
1097	1	0.07592733743
1098	1	0.07581463989
1099	1	0.07571813168
1100	1	0.07559752475
1101	1	0.07551203667
1102	1	0.07541389627
1103	1	0.07536043456
1104	1	0.07524126001
1105	1	0.07510286686
1106	1	0.07502908153
1107	1	0.07495640858
1108	1	0.07479523414
1109	1	0.07470750493
1110	1	0.07459049949
1111	1	0.07448502066
1112	1	0.07437351906
1113	1	0.07430653054
1114	1	0.07424009463
1115	1	0.07413641165
1116	1	0.0740729882
1117	1	0.07398470225
1118	1	0.07388045688
1119	1	0.07379306125
1120	1	0.07367525338
1121	1	0.07357468089
1122	1	0.07349176281
1123	1	0.07338402913
1124	1	0.07324710918
1125	1	0.07308795412
1126	1	0.07296213341
1127	1	0.07287725237
1128	1	0.07276452561
1129	1	0.07262840069
1130	1	0.07255227748
1131	1	0.07243315834
1132	1	0.07233001411
1133	1	0.07222136791
1134	1	0.07211315323
1135	1	0.0720033842
1136	1	0.07192567991
1137	1	0.07184465741
1138	1	0.07175349493
1139	1	0.07165036032
1140	1	0.07158954963
1141	1	0.07152642201
1142	1	0.07141776868
1143	1	0.07137466025
1144	1	0.07129613296
1145	1	0.07119317935
1146	1	0.07113459151
1147	1	0.07104635769
1148	1	0.07098960592
1149	1	0.07091386126
1150	1	0.07083845873
1151	1	0.07073068636
1152	1	0.07058180371
1153	1	0.07050478362
1154	1	0.07043468588
1155	1	0.07032018795
1156	1	0.07027570495
1157	1	0.0701818968
1158	1	0.07005066081
1159	1	0.06998958757
1160	1	0.0698947939
1161	1	0.06979008127
1162	1	0.0696913915
1163	1	0.0695869934
1164	1	0.0694441255
1165	1	0.06936179281
1166	1	0.06925192745
1167	1	0.06912086215
1168	1	0.06902432307
1169	1	0.06895268706
1170	1	0.0688728219
1171	1	0.06878849559
1172	1	0.06869260428
1173	1	0.06857845881
1174	1	0.06847254736
1175	1	0.06841966046
1176	1	0.06835364357
1177	1	0.06826772311
1178	1	0.06818210822
1179	1	0.06811235805
1180	1	0.06802552669
1181	1	0.06795825836
1182	1	0.06781931093
1183	1	0.06775599341
1184	1	0.06769281055
1185	1	0.0675661071
1186	1	0.0675095744
1187	1	0.06739446004
1188	1	0.06728387785
1189	1	0.06722240925
1190	1	0.06715283854
1191	1	0.06709399908
1192	1	0.06699735053
1193	1	0.0669381021
1194	1	0.06685851386
1195	1	0.06679210939
1196	1	0.0667386216
1197	1	0.06667887417
1198	1	0.06659012494
1199	1	0.06647270556
1200	1	0.06642155434
1201	1	0.06633733246
1202	1	0.06623138895
1203	1	0.06612729128
1204	1	0.06604927616
1205	1	0.06594630236
1206	1	0.06580899393
1207	1	0.06574428069
1208	1	0.0656501455
1209	1	0.06556383082
1210	1	0.06546488934
1211	1	0.0653529927
1212	1	0.06526591268
1213	1	0.06519730697
1214	1	0.06508931309
1215	1	0.06502853822
1216	1	0.06494208367
1217	1	0.06483905969
1218	1	0.06473887288
1219	1	0.06467634775
1220	1	0.06458325678
1221	1	0.06450030275
1222	1	0.0644191573
1223	1	0.06432554802
1224	1	0.06423063033
1225	1	0.06417649397
1226	1	0.06406559411
1227	1	0.06398669132
1228	1	0.06392875924
1229	1	0.06387878455
1230	1	0.06382949357
1231	1	0.06369894212
1232	1	0.06363841926
1233	1	0.06357431698
1234	1	0.06351148723
1235	1	0.06345216539
1236	1	0.06339934763
1237	1	0.06332088024
1238	1	0.06323289927
1239	1	0.0631065933
1240	1	0.06305048823
1241	1	0.063004298
1242	1	0.06289858836
1243	1	0.06278169658
1244	1	0.06272300466
1245	1	0.06263607085
1246	1	0.0625568076
1247	1	0.06247461444
1248	1	0.06238554012
1249	1	0.06233190896
1250	1	0.06226030329
1251	1	0.06214424593
1252	1	0.06205703933
1253	1	0.06201286949
1254	1	0.06194629361
1255	1	0.06186727659
1256	1	0.06179218754
1257	1	0.0617269298
1258	1	0.06166041248
1259	1	0.0615711678
1260	1	0.06149340481
1261	1	0.06140802718
1262	1	0.06132996784
1263	1	0.06125957922
1264	1	0.06116658078
1265	1	0.06110565758
1266	1	0.06103583224
1267	1	0.06097165307
1268	1	0.06086702381
1269	1	0.06080108959
1270	1	0.06072502568
1271	1	0.06062276754
1272	1	0.06053477381
1273	1	0.06044096785
1274	1	0.06037852599
1275	1	0.0603042295
1276	1	0.06025204206
1277	1	0.06018368683
1278	1	0.06009659307
1279	1	0.06004024483
1280	1	0.05999254861
1281	1	0.05991628677
1282	1	0.05985297542
1283	1	0.05974391201
1284	1	0.05969489704
1285	1	0.05961525011
1286	1	0.05955902764
1287	1	0.05951034801
1288	1	0.05945658912
1289	1	0.05939159158
1290	1	0.05934521004
1291	1	0.05928105439
1292	1	0.05921557646
1293	1	0.05916575122
1294	1	0.0591070748
1295	1	0.05901048309
1296	1	0.0589400688
1297	1	0.05883838308
1298	1	0.05876329113
1299	1	0.05870350641
1300	1	0.05859543196
1301	1	0.05851941135
1302	1	0.05846084102
1303	1	0.05839714764
1304	1	0.05835805373
1305	1	0.0582711647
1306	1	0.05820810582
1307	1	0.05811534754
1308	1	0.0580488004
1309	1	0.05800264125
1310	1	0.05793689079
1311	1	0.05787287439
1312	1	0.05782773619
1313	1	0.05776192758
1314	1	0.05771035972
1315	1	0.05762298921
1316	1	0.05757821023
1317	1	0.05752312788
1318	1	0.05743630009
1319	1	0.05734325306
1320	1	0.05727309731
1321	1	0.05721040401
1322	1	0.05716947402
1323	1	0.05713329048
1324	1	0.05702228808
1325	1	0.05694925905
1326	1	0.05689630466
1327	1	0.05683467763
1328	1	0.0567705729
1329	1	0.05671925017
1330	1	0.05665430331
1331	1	0.0565734694
1332	1	0.05646589006
1333	1	0.05642960369
1334	1	0.05636378608
1335	1	0.0563214757
1336	1	0.05626793444
1337	1	0.05617361806
1338	1	0.05611409039
1339	1	0.05602562111
1340	1	0.05598172615
1341	1	0.05594249666
1342	1	0.05587400274
1343	1	0.05580577799
1344	1	0.05574303874
1345	1	0.05567533044
1346	1	0.05560199797
1347	1	0.05554898402
1348	1	0.055516883
1349	1	0.0554601628
1350	1	0.05541754589
1351	1	0.055322726
1352	1	0.05527781075
1353	1	0.05520082263
1354	1	0.05515547135
1355	1	0.05511169088
1356	1	0.05505160453
1357	1	0.05497700302
1358	1	0.054910627
1359	1	0.05484387959
1360	1	0.0547883224
1361	1	0.05472256866
1362	1	0.05467351092
1363	1	0.0545814594
1364	1	0.05453359788
1365	1	0.05446630394
1366	1	0.05441690851
1367	1	0.05435817022
1368	1	0.05430472076
1369	1	0.05426924831
1370	1	0.05418385495
1371	1	0.05412580586
1372	1	0.05408453802
1373	1	0.05401965811
1374	1	0.05395934738
1375	1	0.05391743308
1376	1	0.05384474824
1377	1	0.05380451995
1378	1	0.05371042927
1379	1	0.05367821604
1380	1	0.05364136052
1381	1	0.05359871274
1382	1	0.05349805834
1383	1	0.05343621475
1384	1	0.05334094991
1385	1	0.05326681206
1386	1	0.05322176815
1387	1	0.05318237043
1388	1	0.05311271089
1389	1	0.05302665215
1390	1	0.05295536191
1391	1	0.05287166986
1392	1	0.05284512733
1393	1	0.05276417543
1394	1	0.05270483311
1395	1	0.05266735093
1396	1	0.05259086203
1397	1	0.05252845911
1398	1	0.05248688827
1399	1	0.05241848987
1400	1	0.0523547319
1401	1	0.05229993944
1402	1	0.05225424234
1403	1	0.05219788663
1404	1	0.05215270346
1405	1	0.05210889083
1406	1	0.05206370768
1407	1	0.05200576686
1408	1	0.05196007162
1409	1	0.05191654391
1410	1	0.05188906457
1411	1	0.05178615621
1412	1	0.05172375994
1413	1	0.05165736228
1414	1	0.05160347068
1415	1	0.05154723527
1416	1	0.0515060887
1417	1	0.05144180696
1418	1	0.05140330222
1419	1	0.05132712351
1420	1	0.05123691514
1421	1	0.05118941326
1422	1	0.0511447657
1423	1	0.05109630498
1424	1	0.05105280084
1425	1	0.05097956313
1426	1	0.05095018163
1427	1	0.05090161396
1428	1	0.05086442896
1429	1	0.05082566681
1430	1	0.05077245189
1431	1	0.05070439509
1432	1	0.05064078206
1433	1	0.05059366255
1434	1	0.05055269852
1435	1	0.05050886556
1436	1	0.05047380513
1437	1	0.05042306573
1438	1	0.05038097646
1439	1	0.05030837103
1440	1	0.05026699133
1441	1	0.05023478249
1442	1	0.05016430837
1443	1	0.05012190513
1444	1	0.05009358792
1445	1	0.05003571952
1446	1	0.05000049523
1447	1	0.04992515122
1448	1	0.049834817
1449	1	0.04979213579
1450	1	0.0497506876
1451	1	0.04968218794
1452	1	0.04964834238
1453	1	0.04961101323
1454	1	0.04957480392
1455	1	0.04950519803
1456	1	0.04946179329
1457	1	0.04938947515
1458	1	0.04934341064
1459	1	0.04927062984
1460	1	0.04920409404
1461	1	0.04914349623
1462	1	0.0491101472
1463	1	0.0490410879
1464	1	0.04898593797
1465	1	0.04893776244
1466	1	0.04887750777
1467	1	0.04882950686
1468	1	0.04879334358
1469	1	0.04872806578
1470	1	0.04868300153
1471	1	0.04861984612
1472	1	0.04855078175
1473	1	0.04849443666
1474	1	0.04844909518
1475	1	0.0484292347
1476	1	0.04838850461
1477	1	0.04831992927
1478	1	0.04829342165
1479	1	0.04822621575
1480	1	0.04817495626
1481	1	0.04811721837
1482	1	0.04805912978
1483	1	0.04800330502
1484	1	0.04794787303
1485	1	0.04790184989
1486	1	0.04784078866
1487	1	0.04780419004
1488	1	0.04775765092
1489	1	0.047728669
1490	1	0.04767300846
1491	1	0.0476146738
1492	1	0.04755178085
1493	1	0.04751958974
1494	1	0.04746847499
1495	1	0.04741805456
1496	1	0.04738611993
1497	1	0.04733993801
1498	1	0.04725827511
1499	1	0.04719106756
